{
  "sample_0": {
    "cfg": {
      "ks": [
        7,
        5,
        3,
        7,
        7,
        5,
        5,
        5,
        5,
        7,
        3,
        5,
        3,
        3,
        3,
        7,
        3,
        5,
        7,
        5
      ],
      "e": [
        3,
        4,
        3,
        6,
        6,
        3,
        6,
        4,
        6,
        3,
        3,
        6,
        6,
        4,
        6,
        6,
        4,
        3,
        3,
        4
      ],
      "d": [
        0,
        1,
        0,
        1,
        1,
        0
      ],
      "image_size": 112,
      "wid": 1
    },
    "corruptions": {
      "Brightness": {
        "5": 83.17617864490443
      },
      "Gaussian Noise": {
        "5": 67.19602978992698
      },
      "Contrast": {
        "5": 53.20099255600875
      },
      "Defocus Blur": {
        "5": 74.937965211324
      },
      "Elastic": {
        "5": 82.35732011440078
      },
      "Fog": {
        "5": 70.49627794592315
      },
      "Frost": {
        "5": 79.08188583714791
      },
      "Glass Blur": {
        "5": 62.90322581497079
      },
      "Impulse Noise": {
        "5": 66.60049629116769
      },
      "JPEG": {
        "5": 86.72456575303752
      },
      "Motion Blur": {
        "5": 71.16625309416438
      },
      "Pixelate": {
        "5": 89.13151364385638
      },
      "Shot Noise": {
        "5": 70.47146399713331
      },
      "Snow": {
        "5": 71.63771712726754
      },
      "Zoom Blur": {
        "5": 73.17617867140852
      }
    }
  },
  "sample_1": {
    "cfg": {
      "ks": [
        7,
        3,
        7,
        7,
        7,
        3,
        7,
        3,
        7,
        5,
        7,
        5,
        3,
        5,
        5,
        3,
        7,
        7,
        3,
        7
      ],
      "e": [
        6,
        4,
        4,
        4,
        6,
        4,
        3,
        6,
        6,
        4,
        4,
        3,
        6,
        6,
        3,
        6,
        3,
        3,
        3,
        6
      ],
      "d": [
        1,
        2,
        0,
        2,
        0,
        2
      ],
      "image_size": 96,
      "wid": 1
    },
    "corruptions": {
      "Brightness": {
        "5": 83.05210914327844
      },
      "Gaussian Noise": {
        "5": 68.75930521281127
      },
      "Contrast": {
        "5": 53.0272952853598
      },
      "Defocus Blur": {
        "5": 76.22828779196917
      },
      "Elastic": {
        "5": 81.56327543802948
      },
      "Fog": {
        "5": 68.63523576230033
      },
      "Frost": {
        "5": 77.4937965487724
      },
      "Glass Blur": {
        "5": 67.76674939290466
      },
      "Impulse Noise": {
        "5": 68.33746900724122
      },
      "JPEG": {
        "5": 85.18610425622528
      },
      "Motion Blur": {
        "5": 72.3076923114786
      },
      "Pixelate": {
        "5": 87.14640203433356
      },
      "Shot Noise": {
        "5": 70.00000002461096
      },
      "Snow": {
        "5": 71.01736973272659
      },
      "Zoom Blur": {
        "5": 72.95285360937379
      }
    }
  },
  "sample_2": {
    "cfg": {
      "ks": [
        7,
        3,
        3,
        7,
        5,
        5,
        7,
        7,
        5,
        5,
        7,
        7,
        3,
        3,
        5,
        7,
        7,
        3,
        5,
        7
      ],
      "e": [
        4,
        4,
        3,
        3,
        6,
        3,
        4,
        3,
        6,
        4,
        4,
        6,
        6,
        3,
        3,
        6,
        3,
        6,
        3,
        6
      ],
      "d": [
        1,
        0,
        1,
        1,
        0,
        1
      ],
      "image_size": 112,
      "wid": 1
    },
    "corruptions": {
      "Brightness": {
        "5": 84.01985110148011
      },
      "Gaussian Noise": {
        "5": 65.6327543452715
      },
      "Contrast": {
        "5": 52.80397022332506
      },
      "Defocus Blur": {
        "5": 75.85607939121445
      },
      "Elastic": {
        "5": 82.25806448962493
      },
      "Fog": {
        "5": 71.31513650103776
      },
      "Frost": {
        "5": 79.30521095219085
      },
      "Glass Blur": {
        "5": 61.11662531727301
      },
      "Impulse Noise": {
        "5": 65.13647641827983
      },
      "JPEG": {
        "5": 86.15384610841055
      },
      "Motion Blur": {
        "5": 70.66997520124941
      },
      "Pixelate": {
        "5": 89.30521087267854
      },
      "Shot Noise": {
        "5": 68.53598015077652
      },
      "Snow": {
        "5": 72.05955334987593
      },
      "Zoom Blur": {
        "5": 73.87096774761494
      }
    }
  },
  "sample_3": {
    "cfg": {
      "ks": [
        5,
        5,
        7,
        5,
        3,
        7,
        5,
        3,
        7,
        7,
        5,
        3,
        5,
        7,
        3,
        7,
        5,
        5,
        3,
        3
      ],
      "e": [
        4,
        4,
        4,
        6,
        4,
        3,
        3,
        4,
        3,
        4,
        4,
        3,
        4,
        6,
        3,
        6,
        4,
        4,
        4,
        3
      ],
      "d": [
        1,
        2,
        1,
        0,
        1,
        0
      ],
      "image_size": 112,
      "wid": 1
    },
    "corruptions": {
      "Brightness": {
        "5": 83.79652602808648
      },
      "Gaussian Noise": {
        "5": 66.99751861894102
      },
      "Contrast": {
        "5": 53.0024813919446
      },
      "Defocus Blur": {
        "5": 75.2605458867757
      },
      "Elastic": {
        "5": 81.48883370903526
      },
      "Fog": {
        "5": 70.76923074651297
      },
      "Frost": {
        "5": 79.00744417252079
      },
      "Glass Blur": {
        "5": 62.97766749663625
      },
      "Impulse Noise": {
        "5": 65.75682382985913
      },
      "JPEG": {
        "5": 86.67493791982494
      },
      "Motion Blur": {
        "5": 71.98511167767622
      },
      "Pixelate": {
        "5": 89.0074441232989
      },
      "Shot Noise": {
        "5": 69.72704717101294
      },
      "Snow": {
        "5": 72.30769230201285
      },
      "Zoom Blur": {
        "5": 73.39950373912272
      }
    }
  },
  "sample_4": {
    "cfg": {
      "ks": [
        5,
        3,
        7,
        5,
        3,
        7,
        7,
        3,
        5,
        5,
        7,
        5,
        7,
        7,
        3,
        7,
        3,
        5,
        5,
        7
      ],
      "e": [
        4,
        4,
        3,
        6,
        3,
        3,
        6,
        6,
        6,
        3,
        4,
        6,
        4,
        3,
        6,
        6,
        3,
        6,
        6,
        6
      ],
      "d": [
        1,
        1,
        2,
        2,
        0,
        2
      ],
      "image_size": 96,
      "wid": 1
    },
    "corruptions": {
      "Brightness": {
        "5": 82.38213395717422
      },
      "Gaussian Noise": {
        "5": 68.48635237151872
      },
      "Contrast": {
        "5": 53.0272952853598
      },
      "Defocus Blur": {
        "5": 77.12158814612452
      },
      "Elastic": {
        "5": 81.43920594776239
      },
      "Fog": {
        "5": 67.69230770555974
      },
      "Frost": {
        "5": 76.57568239917235
      },
      "Glass Blur": {
        "5": 66.00496276969058
      },
      "Impulse Noise": {
        "5": 67.69230772259809
      },
      "JPEG": {
        "5": 84.64019857174705
      },
      "Motion Blur": {
        "5": 71.83622830298638
      },
      "Pixelate": {
        "5": 86.67493801448245
      },
      "Shot Noise": {
        "5": 69.95037221600933
      },
      "Snow": {
        "5": 70.96774195820167
      },
      "Zoom Blur": {
        "5": 73.54838711949199
      }
    }
  },