{
  "sample_0": {
    "cfg": {
      "ks": [
        3,
        5,
        7,
        7,
        7,
        7,
        5,
        7,
        5,
        5,
        7,
        5,
        5,
        3,
        3,
        3,
        3,
        3,
        3,
        3
      ],
      "e": [
        4,
        3,
        4,
        4,
        4,
        3,
        3,
        6,
        4,
        4,
        3,
        4,
        4,
        4,
        6,
        6,
        4,
        3,
        4,
        4
      ],
      "d": [
        0,
        2,
        2,
        1,
        1,
        2
      ],
      "image_size": 96,
      "wid": 0
    },
    "corruptions": {
      "Brightness": {
        "5": 78.36228282919001
      },
      "Gaussian Noise": {
        "5": 60.89330024624581
      },
      "Contrast": {
        "5": 53.62282878317253
      },
      "Defocus Blur": {
        "5": 75.18610427515678
      },
      "Elastic": {
        "5": 78.06451618582676
      },
      "Fog": {
        "5": 63.349875922001914
      },
      "Frost": {
        "5": 73.30024814463727
      },
      "Glass Blur": {
        "5": 62.30769231621148
      },
      "Impulse Noise": {
        "5": 60.71960298240037
      },
      "JPEG": {
        "5": 83.72208434074156
      },
      "Motion Blur": {
        "5": 70.99255586534221
      },
      "Pixelate": {
        "5": 85.58312653572328
      },
      "Shot Noise": {
        "5": 64.19354838425706
      },
      "Snow": {
        "5": 68.01488836586623
      },
      "Zoom Blur": {
        "5": 73.34987595891835
      }
    }
  },
  "sample_1": {
    "cfg": {
      "ks": [
        5,
        3,
        5,
        3,
        5,
        5,
        5,
        7,
        3,
        5,
        5,
        3,
        7,
        3,
        3,
        7,
        5,
        5,
        5,
        3
      ],
      "e": [
        4,
        3,
        4,
        6,
        4,
        3,
        4,
        3,
        4,
        3,
        3,
        3,
        4,
        3,
        6,
        6,
        4,
        3,
        6,
        6
      ],
      "d": [
        2,
        0,
        2,
        1,
        0,
        2
      ],
      "image_size": 96,
      "wid": 0
    },
    "corruptions": {
      "Brightness": {
        "5": 77.3697271039409
      },
      "Gaussian Noise": {
        "5": 62.50620347773171
      },
      "Contrast": {
        "5": 52.853598014888334
      },
      "Defocus Blur": {
        "5": 73.67245652646048
      },
      "Elastic": {
        "5": 79.10669976700625
      },
      "Fog": {
        "5": 64.41687344629179
      },
      "Frost": {
        "5": 73.74689828006565
      },
      "Glass Blur": {
        "5": 58.73449132223579
      },
      "Impulse Noise": {
        "5": 61.78660051142312
      },
      "JPEG": {
        "5": 83.67245656053719
      },
      "Motion Blur": {
        "5": 68.80893298922933
      },
      "Pixelate": {
        "5": 85.28535980906143
      },
      "Shot Noise": {
        "5": 65.06203474229382
      },
      "Snow": {
        "5": 65.23573202128446
      },
      "Zoom Blur": {
        "5": 70.94292806809948
      }
    }
  },
  "sample_2": {
    "cfg": {
      "ks": [
        7,
        5,
        3,
        7,
        7,
        7,
        5,
        3,
        5,
        3,
        5,
        3,
        5,
        3,
        5,
        5,
        5,
        7,
        3,
        7
      ],
      "e": [
        4,
        3,
        3,
        3,
        4,
        6,
        6,
        6,
        6,
        6,
        6,
        6,
        4,
        4,
        3,
        6,
        6,
        3,
        4,
        4
      ],
      "d": [
        0,
        1,
        0,
        2,
        0,
        0
      ],
      "image_size": 96,
      "wid": 0
    },
    "corruptions": {
      "Brightness": {
        "5": 78.73449131892278
      },
      "Gaussian Noise": {
        "5": 62.431761801745694
      },
      "Contrast": {
        "5": 52.853598014888334
      },
      "Defocus Blur": {
        "5": 72.67990080121137
      },
      "Elastic": {
        "5": 79.9999999507781
      },
      "Fog": {
        "5": 63.00248139809734
      },
      "Frost": {
        "5": 73.34987593620055
      },
      "Glass Blur": {
        "5": 61.513647646466204
      },
      "Impulse Noise": {
        "5": 62.555831272607996
      },
      "JPEG": {
        "5": 83.82133992386811
      },
      "Motion Blur": {
        "5": 70.37220841779306
      },
      "Pixelate": {
        "5": 85.60794043150493
      },
      "Shot Noise": {
        "5": 65.2357320193913
      },
      "Snow": {
        "5": 66.89826303865418
      },
      "Zoom Blur": {
        "5": 72.30769230011971
      }
    }
  },
  "sample_3": {
    "cfg": {
      "ks": [
        7,
        3,
        3,
        5,
        5,
        5,
        7,
        3,
        5,
        3,
        7,
        7,
        3,
        5,
        5,
        3,
        3,
        5,
        7,
        7
      ],
      "e": [
        4,
        6,
        4,
        3,
        4,
        4,
        3,
        6,
        6,
        3,
        6,
        4,
        3,
        3,
        3,
        6,
        6,
        3,
        4,
        4
      ],
      "d": [
        1,
        0,
        1,
        2,
        0,
        1
      ],
      "image_size": 96,
      "wid": 0
    },
    "corruptions": {
      "Brightness": {
        "5": 78.21339949047004
      },
      "Gaussian Noise": {
        "5": 63.300248154103016
      },
      "Contrast": {
        "5": 53.052109181496405
      },
      "Defocus Blur": {
        "5": 75.21091808763983
      },
      "Elastic": {
        "5": 79.95037226523122
      },
      "Fog": {
        "5": 64.26799006497593
      },
      "Frost": {
        "5": 74.11910671111076
      },
      "Glass Blur": {
        "5": 62.5806451584506
      },
      "Impulse Noise": {
        "5": 63.42431760934683
      },
      "JPEG": {
        "5": 83.37468981115752
      },
      "Motion Blur": {
        "5": 69.65260544580502
      },
      "Pixelate": {
        "5": 84.78908187071087
      },
      "Shot Noise": {
        "5": 65.43424317333894
      },
      "Snow": {
        "5": 66.74937966964382
      },
      "Zoom Blur": {
        "5": 73.05210921521814
      }
    }
  },
  "sample_4": {
    "cfg": {
      "ks": [
        7,
        3,
        5,
        3,
        7,
        3,
        7,
        3,
        5,
        5,
        7,
        3,
        3,
        7,
        3,
        3,
        3,
        5,
        7,
        7
      ],
      "e": [
        3,
        6,
        3,
        4,
        4,
        3,
        3,
        6,
        3,
        4,
        3,
        6,
        4,
        3,
        4,
        4,
        4,
        4,
        6,
        4
      ],
      "d": [
        1,
        2,
        0,
        2,
        0,
        2
      ],
      "image_size": 96,
      "wid": 0
    },
    "corruptions": {
      "Brightness": {
        "5": 76.45161293162306
      },
      "Gaussian Noise": {
        "5": 64.93796525202673
      },
      "Contrast": {
        "5": 52.878411910669975
      },
      "Defocus Blur": {
        "5": 73.52357318774051
      },
      "Elastic": {
        "5": 80.04962778399067
      },
      "Fog": {
        "5": 62.90322580361189
      },
      "Frost": {
        "5": 74.71464022122896
      },
      "Glass Blur": {
        "5": 63.69727047903662
      },
      "Impulse Noise": {
        "5": 64.64019852631145
      },
      "JPEG": {
        "5": 83.47394538292518
      },
      "Motion Blur": {
        "5": 70.0744416797723
      },
      "Pixelate": {
        "5": 85.7816377019764
      },
      "Shot Noise": {
        "5": 67.54342431951102
      },
      "Snow": {
        "5": 69.0074441914523
      },
      "Zoom Blur": {
        "5": 72.70471465155741
      }
    }
  },