{
  "sample_0": {
    "cfg": {
      "ks": [
        7,
        7,
        7,
        7,
        7,
        5,
        5,
        7,
        5,
        5,
        3,
        7,
        5,
        3,
        3,
        7,
        5,
        3,
        3,
        3
      ],
      "e": [
        4,
        6,
        4,
        4,
        4,
        6,
        4,
        6,
        6,
        3,
        4,
        6,
        6,
        4,
        4,
        3,
        4,
        3,
        3,
        4
      ],
      "d": [
        0,
        2,
        1,
        0,
        1,
        2
      ],
      "image_size": 96,
      "wid": 0
    },
    "corruptions": {
      "Brightness": {
        "5": 78.93300249653478
      },
      "Gaussian Noise": {
        "5": 59.727047150188284
      },
      "Contrast": {
        "5": 52.853598014888334
      },
      "Defocus Blur": {
        "5": 74.11910666188886
      },
      "Elastic": {
        "5": 78.21339949047004
      },
      "Fog": {
        "5": 62.70471464871768
      },
      "Frost": {
        "5": 73.27543424885563
      },
      "Glass Blur": {
        "5": 60.71960296914832
      },
      "Impulse Noise": {
        "5": 59.28039702043936
      },
      "JPEG": {
        "5": 83.64764272912265
      },
      "Motion Blur": {
        "5": 70.64516134711708
      },
      "Pixelate": {
        "5": 85.533498819886
      },
      "Shot Noise": {
        "5": 62.431761793699806
      },
      "Snow": {
        "5": 67.79156329247259
      },
      "Zoom Blur": {
        "5": 72.08436726837537
      }
    }
  },
  "sample_1": {
    "cfg": {
      "ks": [
        3,
        3,
        7,
        7,
        5,
        7,
        7,
        3,
        7,
        5,
        3,
        7,
        7,
        7,
        7,
        5,
        3,
        3,
        7,
        7
      ],
      "e": [
        4,
        6,
        4,
        4,
        6,
        3,
        4,
        6,
        6,
        3,
        4,
        4,
        3,
        3,
        6,
        6,
        4,
        6,
        3,
        3
      ],
      "d": [
        0,
        2,
        1,
        1,
        1,
        1
      ],
      "image_size": 96,
      "wid": 0
    },
    "corruptions": {
      "Brightness": {
        "5": 78.089329975592
      },
      "Gaussian Noise": {
        "5": 60.02481389956794
      },
      "Contrast": {
        "5": 53.07692307710056
      },
      "Defocus Blur": {
        "5": 74.91315139126837
      },
      "Elastic": {
        "5": 78.11414397739003
      },
      "Fog": {
        "5": 62.605459065591134
      },
      "Frost": {
        "5": 74.21836226394691
      },
      "Glass Blur": {
        "5": 64.51612904551011
      },
      "Impulse Noise": {
        "5": 59.57816377313202
      },
      "JPEG": {
        "5": 83.59801493755937
      },
      "Motion Blur": {
        "5": 71.01736975544439
      },
      "Pixelate": {
        "5": 84.61538460023941
      },
      "Shot Noise": {
        "5": 62.75434242892206
      },
      "Snow": {
        "5": 68.01488839426348
      },
      "Zoom Blur": {
        "5": 73.25062032846304
      }
    }
  },
  "sample_2": {
    "cfg": {
      "ks": [
        7,
        3,
        7,
        7,
        5,
        3,
        5,
        7,
        3,
        5,
        5,
        3,
        7,
        5,
        7,
        5,
        3,
        7,
        3,
        7
      ],
      "e": [
        6,
        4,
        4,
        6,
        6,
        3,
        6,
        3,
        4,
        4,
        6,
        6,
        3,
        4,
        6,
        6,
        4,
        3,
        3,
        3
      ],
      "d": [
        1,
        1,
        0,
        1,
        0,
        1
      ],
      "image_size": 96,
      "wid": 0
    },
    "corruptions": {
      "Brightness": {
        "5": 77.56823824179675
      },
      "Gaussian Noise": {
        "5": 66.60049628738139
      },
      "Contrast": {
        "5": 52.952853598369856
      },
      "Defocus Blur": {
        "5": 72.8287841115341
      },
      "Elastic": {
        "5": 80.17369722124957
      },
      "Fog": {
        "5": 65.11166253953654
      },
      "Frost": {
        "5": 75.43424319889645
      },
      "Glass Blur": {
        "5": 61.166253116882174
      },
      "Impulse Noise": {
        "5": 65.4094292775573
      },
      "JPEG": {
        "5": 83.72208440510866
      },
      "Motion Blur": {
        "5": 68.95781636391916
      },
      "Pixelate": {
        "5": 85.55831271566765
      },
      "Shot Noise": {
        "5": 68.13895782962922
      },
      "Snow": {
        "5": 68.11414397739003
      },
      "Zoom Blur": {
        "5": 71.01736974976495
      }
    }
  },
  "sample_3": {
    "cfg": {
      "ks": [
        7,
        5,
        5,
        5,
        5,
        7,
        7,
        3,
        5,
        5,
        3,
        3,
        5,
        5,
        7,
        3,
        7,
        5,
        7,
        7
      ],
      "e": [
        6,
        3,
        6,
        4,
        6,
        6,
        4,
        3,
        3,
        6,
        4,
        4,
        4,
        6,
        4,
        6,
        3,
        3,
        4,
        4
      ],
      "d": [
        0,
        1,
        0,
        1,
        0,
        2
      ],
      "image_size": 96,
      "wid": 0
    },
    "corruptions": {
      "Brightness": {
        "5": 77.09677422762509
      },
      "Gaussian Noise": {
        "5": 66.99751861326156
      },
      "Contrast": {
        "5": 52.853598014888334
      },
      "Defocus Blur": {
        "5": 72.80397020439356
      },
      "Elastic": {
        "5": 79.37965262060426
      },
      "Fog": {
        "5": 62.5310173791928
      },
      "Frost": {
        "5": 73.49875929385202
      },
      "Glass Blur": {
        "5": 62.05955335839511
      },
      "Impulse Noise": {
        "5": 65.7568238118742
      },
      "JPEG": {
        "5": 83.97022336292504
      },
      "Motion Blur": {
        "5": 66.67493794254274
      },
      "Pixelate": {
        "5": 85.63275438029476
      },
      "Shot Noise": {
        "5": 69.35483871725002
      },
      "Snow": {
        "5": 67.44416874017077
      },
      "Zoom Blur": {
        "5": 71.78660048491902
      }
    }
  },
  "sample_4": {
    "cfg": {
      "ks": [
        5,
        5,
        7,
        7,
        3,
        5,
        5,
        3,
        7,
        5,
        3,
        5,
        5,
        7,
        3,
        5,
        5,
        5,
        5,
        3
      ],
      "e": [
        6,
        4,
        4,
        4,
        4,
        6,
        6,
        6,
        4,
        3,
        3,
        6,
        3,
        6,
        6,
        3,
        4,
        3,
        6,
        3
      ],
      "d": [
        0,
        2,
        1,
        1,
        0,
        1
      ],
      "image_size": 96,
      "wid": 0
    },
    "corruptions": {
      "Brightness": {
        "5": 77.32009927072832
      },
      "Gaussian Noise": {
        "5": 66.72456575303752
      },
      "Contrast": {
        "5": 53.07692307710056
      },
      "Defocus Blur": {
        "5": 73.57320103041883
      },
      "Elastic": {
        "5": 79.03225801529423
      },
      "Fog": {
        "5": 62.77915631902425
      },
      "Frost": {
        "5": 74.41687347752877
      },
      "Glass Blur": {
        "5": 62.38213400450297
      },
      "Impulse Noise": {
        "5": 65.70719602031093
      },
      "JPEG": {
        "5": 83.05210916599624
      },
      "Motion Blur": {
        "5": 68.61042185137349
      },
      "Pixelate": {
        "5": 85.23573205914745
      },
      "Shot Noise": {
        "5": 68.0893300551043
      },
      "Snow": {
        "5": 67.91563281113693
      },
      "Zoom Blur": {
        "5": 71.29032259200406
      }
    }
  },