{
  "sample_0": {
    "cfg": {
      "ks": [
        5,
        3,
        3,
        5,
        7,
        3,
        3,
        7,
        7,
        5,
        5,
        7,
        3,
        3,
        5,
        3,
        7,
        7,
        3,
        7
      ],
      "e": [
        4,
        3,
        4,
        4,
        6,
        6,
        4,
        6,
        4,
        3,
        4,
        4,
        3,
        3,
        3,
        3,
        4,
        4,
        3,
        3
      ],
      "d": [
        1,
        0,
        2,
        2,
        1,
        2
      ],
      "image_size": 112,
      "wid": 1
    },
    "corruptions": {
      "Brightness": {
        "5": 84.59057070445778
      },
      "Gaussian Noise": {
        "5": 66.30272952001681
      },
      "Contrast": {
        "5": 53.69727046957087
      },
      "Defocus Blur": {
        "5": 75.93052107287991
      },
      "Elastic": {
        "5": 82.60545909493496
      },
      "Fog": {
        "5": 72.97766748243762
      },
      "Frost": {
        "5": 78.66004965050936
      },
      "Glass Blur": {
        "5": 60.76923077869652
      },
      "Impulse Noise": {
        "5": 65.98014888526784
      },
      "JPEG": {
        "5": 86.9727046692046
      },
      "Motion Blur": {
        "5": 72.08436722672607
      },
      "Pixelate": {
        "5": 89.205955289552
      },
      "Shot Noise": {
        "5": 69.00744417630709
      },
      "Snow": {
        "5": 73.10173699542251
      },
      "Zoom Blur": {
        "5": 74.88833746898263
      }
    }
  },
  "sample_1": {
    "cfg": {
      "ks": [
        3,
        3,
        5,
        5,
        7,
        5,
        7,
        7,
        5,
        5,
        3,
        5,
        5,
        7,
        5,
        3,
        7,
        3,
        7,
        7
      ],
      "e": [
        3,
        3,
        4,
        4,
        3,
        3,
        6,
        4,
        3,
        3,
        3,
        4,
        4,
        6,
        6,
        6,
        6,
        3,
        4,
        4
      ],
      "d": [
        1,
        2,
        0,
        1,
        1,
        0
      ],
      "image_size": 112,
      "wid": 1
    },
    "corruptions": {
      "Brightness": {
        "5": 84.26799007065539
      },
      "Gaussian Noise": {
        "5": 67.24565756445192
      },
      "Contrast": {
        "5": 52.903225806629095
      },
      "Defocus Blur": {
        "5": 75.80645161668953
      },
      "Elastic": {
        "5": 82.55583122764568
      },
      "Fog": {
        "5": 71.96029776674938
      },
      "Frost": {
        "5": 79.15632752449282
      },
      "Glass Blur": {
        "5": 63.64764269409937
      },
      "Impulse Noise": {
        "5": 67.24565757013136
      },
      "JPEG": {
        "5": 86.84863524330461
      },
      "Motion Blur": {
        "5": 71.33995039871253
      },
      "Pixelate": {
        "5": 89.28039697689691
      },
      "Shot Noise": {
        "5": 70.17369724775367
      },
      "Snow": {
        "5": 73.22580643268141
      },
      "Zoom Blur": {
        "5": 74.1439206068924
      }
    }
  },
  "sample_2": {
    "cfg": {
      "ks": [
        3,
        3,
        5,
        5,
        5,
        7,
        3,
        3,
        3,
        7,
        3,
        5,
        7,
        7,
        5,
        7,
        3,
        7,
        3,
        7
      ],
      "e": [
        4,
        4,
        4,
        3,
        6,
        6,
        6,
        6,
        6,
        6,
        4,
        3,
        3,
        6,
        3,
        6,
        4,
        3,
        4,
        4
      ],
      "d": [
        2,
        1,
        1,
        2,
        2,
        1
      ],
      "image_size": 96,
      "wid": 1
    },
    "corruptions": {
      "Brightness": {
        "5": 82.40694790596406
      },
      "Gaussian Noise": {
        "5": 67.86600495899286
      },
      "Contrast": {
        "5": 52.977667493796524
      },
      "Defocus Blur": {
        "5": 76.9727047184265
      },
      "Elastic": {
        "5": 81.41439206333965
      },
      "Fog": {
        "5": 67.09677419544154
      },
      "Frost": {
        "5": 77.54342433465622
      },
      "Glass Blur": {
        "5": 67.59305211107429
      },
      "Impulse Noise": {
        "5": 66.72456575966355
      },
      "JPEG": {
        "5": 85.28535986206964
      },
      "Motion Blur": {
        "5": 71.73697268578314
      },
      "Pixelate": {
        "5": 87.41935483492338
      },
      "Shot Noise": {
        "5": 68.88337469171945
      },
      "Snow": {
        "5": 71.36476430206677
      },
      "Zoom Blur": {
        "5": 72.35732011061448
      }
    }
  },
  "sample_3": {
    "cfg": {
      "ks": [
        5,
        5,
        3,
        7,
        7,
        5,
        5,
        5,
        7,
        7,
        3,
        5,
        3,
        7,
        5,
        7,
        7,
        5,
        5,
        7
      ],
      "e": [
        4,
        3,
        6,
        3,
        4,
        3,
        4,
        3,
        6,
        3,
        4,
        6,
        6,
        4,
        3,
        3,
        6,
        3,
        3,
        3
      ],
      "d": [
        1,
        2,
        1,
        1,
        0,
        0
      ],
      "image_size": 96,
      "wid": 2
    },
    "corruptions": {
      "Brightness": {
        "5": 83.349875904017
      },
      "Gaussian Noise": {
        "5": 68.48635235921324
      },
      "Contrast": {
        "5": 52.853598014888334
      },
      "Defocus Blur": {
        "5": 76.15384611598316
      },
      "Elastic": {
        "5": 81.16625305251507
      },
      "Fog": {
        "5": 66.99751861231499
      },
      "Frost": {
        "5": 77.64267992346221
      },
      "Glass Blur": {
        "5": 64.98759306536122
      },
      "Impulse Noise": {
        "5": 67.86600498739011
      },
      "JPEG": {
        "5": 85.28535978634363
      },
      "Motion Blur": {
        "5": 70.86848634478471
      },
      "Pixelate": {
        "5": 87.51861048241703
      },
      "Shot Noise": {
        "5": 69.80148884699895
      },
      "Snow": {
        "5": 70.84367247929349
      },
      "Zoom Blur": {
        "5": 72.45657568238214
      }
    }
  },
  "sample_4": {
    "cfg": {
      "ks": [
        5,
        7,
        3,
        3,
        3,
        7,
        5,
        7,
        3,
        7,
        5,
        5,
        5,
        3,
        3,
        7,
        3,
        7,
        3,
        5
      ],
      "e": [
        4,
        4,
        6,
        4,
        3,
        6,
        3,
        4,
        3,
        3,
        4,
        6,
        3,
        4,
        3,
        3,
        4,
        3,
        3,
        3
      ],
      "d": [
        0,
        2,
        0,
        2,
        1,
        0
      ],
      "image_size": 112,
      "wid": 1
    },
    "corruptions": {
      "Brightness": {
        "5": 82.72952856248425
      },
      "Gaussian Noise": {
        "5": 68.16377171405196
      },
      "Contrast": {
        "5": 53.22580645397934
      },
      "Defocus Blur": {
        "5": 74.06947893090639
      },
      "Elastic": {
        "5": 80.7196029928127
      },
      "Fog": {
        "5": 69.95037218571892
      },
      "Frost": {
        "5": 77.49379654309294
      },
      "Glass Blur": {
        "5": 60.64516130546778
      },
      "Impulse Noise": {
        "5": 67.41935484628227
      },
      "JPEG": {
        "5": 85.88089336082894
      },
      "Motion Blur": {
        "5": 70.79404469908911
      },
      "Pixelate": {
        "5": 88.73449137571728
      },
      "Shot Noise": {
        "5": 70.719602996599
      },
      "Snow": {
        "5": 70.47146401417167
      },
      "Zoom Blur": {
        "5": 73.44913154393804
      }
    }
  },