{
  "sample_0": {
    "cfg": {
      "ks": [
        3,
        5,
        5,
        7,
        5,
        7,
        7,
        7,
        5,
        5,
        7,
        5,
        3,
        5,
        7,
        7,
        5,
        5,
        3,
        7
      ],
      "e": [
        6,
        4,
        3,
        6,
        4,
        3,
        4,
        6,
        4,
        4,
        6,
        4,
        4,
        6,
        3,
        6,
        4,
        6,
        6,
        4
      ],
      "d": [
        0,
        1,
        2,
        0,
        0,
        0
      ],
      "image_size": 96,
      "wid": 0
    },
    "corruptions": {
      "Brightness": {
        "5": 78.83374691340823
      },
      "Gaussian Noise": {
        "5": 63.7965260574303
      },
      "Contrast": {
        "5": 52.853598014888334
      },
      "Defocus Blur": {
        "5": 73.97022331748944
      },
      "Elastic": {
        "5": 78.83374691340823
      },
      "Fog": {
        "5": 64.16873448184938
      },
      "Frost": {
        "5": 74.06947891954749
      },
      "Glass Blur": {
        "5": 60.7196029814538
      },
      "Impulse Noise": {
        "5": 63.52357319247338
      },
      "JPEG": {
        "5": 83.05210915463734
      },
      "Motion Blur": {
        "5": 69.18114142027446
      },
      "Pixelate": {
        "5": 85.16129030743545
      },
      "Shot Noise": {
        "5": 66.65012406001316
      },
      "Snow": {
        "5": 68.41191070405189
      },
      "Zoom Blur": {
        "5": 71.66253105144642
      }
    }
  },
  "sample_1": {
    "cfg": {
      "ks": [
        7,
        5,
        5,
        7,
        5,
        5,
        7,
        3,
        3,
        7,
        7,
        3,
        7,
        5,
        3,
        3,
        5,
        7,
        7,
        5
      ],
      "e": [
        6,
        6,
        6,
        4,
        4,
        4,
        3,
        6,
        4,
        6,
        6,
        3,
        6,
        3,
        6,
        6,
        4,
        4,
        6,
        3
      ],
      "d": [
        0,
        1,
        0,
        2,
        0,
        1
      ],
      "image_size": 96,
      "wid": 0
    },
    "corruptions": {
      "Brightness": {
        "5": 77.59305214325784
      },
      "Gaussian Noise": {
        "5": 67.81637719582683
      },
      "Contrast": {
        "5": 52.878411910669975
      },
      "Defocus Blur": {
        "5": 72.431761843395
      },
      "Elastic": {
        "5": 79.72704709718009
      },
      "Fog": {
        "5": 62.183622820264944
      },
      "Frost": {
        "5": 73.47394542078818
      },
      "Glass Blur": {
        "5": 60.868486361823074
      },
      "Impulse Noise": {
        "5": 66.74937964881916
      },
      "JPEG": {
        "5": 83.69727044495993
      },
      "Motion Blur": {
        "5": 68.95781638095751
      },
      "Pixelate": {
        "5": 85.93052106530732
      },
      "Shot Noise": {
        "5": 69.55334989486202
      },
      "Snow": {
        "5": 67.5682382474762
      },
      "Zoom Blur": {
        "5": 71.56327545696098
      }
    }
  },
  "sample_2": {
    "cfg": {
      "ks": [
        5,
        5,
        5,
        7,
        5,
        7,
        5,
        3,
        5,
        5,
        7,
        5,
        5,
        5,
        5,
        7,
        3,
        7,
        5,
        7
      ],
      "e": [
        3,
        3,
        3,
        6,
        6,
        4,
        4,
        4,
        4,
        6,
        4,
        6,
        4,
        3,
        4,
        6,
        6,
        6,
        6,
        6
      ],
      "d": [
        0,
        2,
        1,
        0,
        0,
        0
      ],
      "image_size": 96,
      "wid": 0
    },
    "corruptions": {
      "Brightness": {
        "5": 76.89826301404324
      },
      "Gaussian Noise": {
        "5": 62.30769231715806
      },
      "Contrast": {
        "5": 52.8287841191067
      },
      "Defocus Blur": {
        "5": 73.64764267232815
      },
      "Elastic": {
        "5": 79.55334983806752
      },
      "Fog": {
        "5": 59.2059553420869
      },
      "Frost": {
        "5": 74.26799010851839
      },
      "Glass Blur": {
        "5": 62.25806451991533
      },
      "Impulse Noise": {
        "5": 61.38957817323746
      },
      "JPEG": {
        "5": 83.12655084198225
      },
      "Motion Blur": {
        "5": 70.00000001703835
      },
      "Pixelate": {
        "5": 84.98759304832288
      },
      "Shot Noise": {
        "5": 64.78908188301635
      },
      "Snow": {
        "5": 68.1637717348766
      },
      "Zoom Blur": {
        "5": 71.76178662321408
      }
    }
  },
  "sample_3": {
    "cfg": {
      "ks": [
        5,
        3,
        3,
        5,
        5,
        5,
        5,
        3,
        3,
        5,
        7,
        3,
        3,
        5,
        3,
        3,
        5,
        3,
        7,
        7
      ],
      "e": [
        6,
        6,
        6,
        4,
        4,
        3,
        3,
        4,
        4,
        4,
        6,
        4,
        6,
        4,
        3,
        3,
        4,
        6,
        6,
        4
      ],
      "d": [
        0,
        0,
        0,
        0,
        0,
        0
      ],
      "image_size": 112,
      "wid": 0
    },
    "corruptions": {
      "Brightness": {
        "5": 79.55334990243462
      },
      "Gaussian Noise": {
        "5": 63.87096773909576
      },
      "Contrast": {
        "5": 52.8287841191067
      },
      "Defocus Blur": {
        "5": 70.02481388820904
      },
      "Elastic": {
        "5": 78.93300253818408
      },
      "Fog": {
        "5": 64.11910670164501
      },
      "Frost": {
        "5": 74.4665012634126
      },
      "Glass Blur": {
        "5": 57.41935483445009
      },
      "Impulse Noise": {
        "5": 62.45657567386296
      },
      "JPEG": {
        "5": 83.99503728142447
      },
      "Motion Blur": {
        "5": 67.39454099972254
      },
      "Pixelate": {
        "5": 86.12903231864532
      },
      "Shot Noise": {
        "5": 66.25310173886585
      },
      "Snow": {
        "5": 67.02233251945552
      },
      "Zoom Blur": {
        "5": 70.27295286495692
      }
    }
  },
  "sample_4": {
    "cfg": {
      "ks": [
        7,
        5,
        5,
        3,
        3,
        3,
        7,
        3,
        7,
        3,
        3,
        3,
        5,
        5,
        3,
        3,
        3,
        7,
        3,
        3
      ],
      "e": [
        3,
        3,
        3,
        6,
        6,
        3,
        4,
        4,
        6,
        3,
        4,
        6,
        4,
        3,
        3,
        3,
        4,
        4,
        3,
        6
      ],
      "d": [
        1,
        1,
        1,
        1,
        0,
        2
      ],
      "image_size": 96,
      "wid": 0
    },
    "corruptions": {
      "Brightness": {
        "5": 76.94789085293526
      },
      "Gaussian Noise": {
        "5": 61.43920595912129
      },
      "Contrast": {
        "5": 52.853598014888334
      },
      "Defocus Blur": {
        "5": 74.1439205463116
      },
      "Elastic": {
        "5": 79.47890824538011
      },
      "Fog": {
        "5": 61.93548387475404
      },
      "Frost": {
        "5": 74.04466504648364
      },
      "Glass Blur": {
        "5": 60.66997520124942
      },
      "Impulse Noise": {
        "5": 60.669975193203534
      },
      "JPEG": {
        "5": 83.47394545865119
      },
      "Motion Blur": {
        "5": 69.87593054948906
      },
      "Pixelate": {
        "5": 85.28535978634363
      },
      "Shot Noise": {
        "5": 64.34243177030578
      },
      "Snow": {
        "5": 67.99007445304625
      },
      "Zoom Blur": {
        "5": 72.63027294717415
      }
    }
  },