{
  "sample_0": {
    "cfg": {
      "ks": [
        5,
        5,
        5,
        7,
        5,
        5,
        3,
        5,
        5,
        7,
        5,
        3,
        7,
        3,
        5,
        7,
        5,
        7,
        7,
        3
      ],
      "e": [
        3,
        3,
        6,
        4,
        4,
        4,
        3,
        6,
        6,
        6,
        6,
        4,
        3,
        3,
        4,
        6,
        6,
        6,
        3,
        3
      ],
      "d": [
        1,
        1,
        2,
        2,
        2,
        0
      ],
      "image_size": 128,
      "wid": 0
    },
    "corruptions": {
      "Brightness": {
        "5": 84.36724570679014
      },
      "Gaussian Noise": {
        "5": 59.05707196171763
      },
      "Contrast": {
        "5": 54.83870968451867
      },
      "Defocus Blur": {
        "5": 75.38461533539349
      },
      "Elastic": {
        "5": 81.88585611726747
      },
      "Fog": {
        "5": 72.1091811717296
      },
      "Frost": {
        "5": 80.34739452769088
      },
      "Glass Blur": {
        "5": 59.28039702943182
      },
      "Impulse Noise": {
        "5": 58.4119106770745
      },
      "JPEG": {
        "5": 86.69975186861478
      },
      "Motion Blur": {
        "5": 71.38957822056621
      },
      "Pixelate": {
        "5": 88.46153845775216
      },
      "Shot Noise": {
        "5": 63.00248139241789
      },
      "Snow": {
        "5": 72.95285361505324
      },
      "Zoom Blur": {
        "5": 74.19354841549402
      }
    }
  },
  "sample_1": {
    "cfg": {
      "ks": [
        7,
        5,
        3,
        7,
        7,
        7,
        5,
        7,
        5,
        3,
        5,
        7,
        7,
        3,
        5,
        3,
        7,
        5,
        5,
        3
      ],
      "e": [
        4,
        4,
        4,
        6,
        6,
        6,
        3,
        6,
        6,
        6,
        6,
        4,
        6,
        6,
        6,
        6,
        3,
        4,
        4,
        6
      ],
      "d": [
        1,
        2,
        1,
        2,
        0,
        2
      ],
      "image_size": 112,
      "wid": 0
    },
    "corruptions": {
      "Brightness": {
        "5": 82.45657573917663
      },
      "Gaussian Noise": {
        "5": 60.66997518184463
      },
      "Contrast": {
        "5": 53.05210918131892
      },
      "Defocus Blur": {
        "5": 76.52605459435702
      },
      "Elastic": {
        "5": 80.89330026328416
      },
      "Fog": {
        "5": 71.46401988140703
      },
      "Frost": {
        "5": 79.67741938323596
      },
      "Glass Blur": {
        "5": 58.908188581348355
      },
      "Impulse Noise": {
        "5": 59.57816377313202
      },
      "JPEG": {
        "5": 85.55831270430875
      },
      "Motion Blur": {
        "5": 70.81885853807624
      },
      "Pixelate": {
        "5": 88.41191073055599
      },
      "Shot Noise": {
        "5": 61.7121588127193
      },
      "Snow": {
        "5": 73.57320100391473
      },
      "Zoom Blur": {
        "5": 72.90322578373382
      }
    }
  },
  "sample_2": {
    "cfg": {
      "ks": [
        7,
        5,
        7,
        5,
        5,
        7,
        3,
        3,
        5,
        5,
        5,
        7,
        3,
        3,
        3,
        3,
        3,
        3,
        7,
        3
      ],
      "e": [
        4,
        3,
        4,
        6,
        6,
        6,
        6,
        6,
        3,
        3,
        6,
        4,
        4,
        6,
        4,
        3,
        6,
        6,
        6,
        4
      ],
      "d": [
        2,
        1,
        2,
        1,
        1,
        1
      ],
      "image_size": 112,
      "wid": 0
    },
    "corruptions": {
      "Brightness": {
        "5": 82.03473941623129
      },
      "Gaussian Noise": {
        "5": 61.78660049911764
      },
      "Contrast": {
        "5": 52.72952853172056
      },
      "Defocus Blur": {
        "5": 76.15384615763246
      },
      "Elastic": {
        "5": 81.61290326366945
      },
      "Fog": {
        "5": 70.04962780481533
      },
      "Frost": {
        "5": 78.90818857803534
      },
      "Glass Blur": {
        "5": 61.861042198768025
      },
      "Impulse Noise": {
        "5": 60.471464034996316
      },
      "JPEG": {
        "5": 85.13647648737981
      },
      "Motion Blur": {
        "5": 71.76178662321408
      },
      "Pixelate": {
        "5": 88.31265504141304
      },
      "Shot Noise": {
        "5": 64.31761786316524
      },
      "Snow": {
        "5": 71.61290323716536
      },
      "Zoom Blur": {
        "5": 74.41687345481097
      }
    }
  },
  "sample_3": {
    "cfg": {
      "ks": [
        7,
        5,
        3,
        5,
        5,
        5,
        5,
        7,
        5,
        7,
        3,
        7,
        5,
        7,
        3,
        3,
        7,
        7,
        3,
        3
      ],
      "e": [
        3,
        3,
        3,
        6,
        6,
        6,
        3,
        6,
        3,
        3,
        3,
        4,
        6,
        6,
        4,
        6,
        6,
        6,
        3,
        3
      ],
      "d": [
        2,
        1,
        2,
        1,
        1,
        2
      ],
      "image_size": 128,
      "wid": 0
    },
    "corruptions": {
      "Brightness": {
        "5": 84.9379652454007
      },
      "Gaussian Noise": {
        "5": 59.97518610563822
      },
      "Contrast": {
        "5": 53.57320098829624
      },
      "Defocus Blur": {
        "5": 76.7741935105241
      },
      "Elastic": {
        "5": 82.40694794004077
      },
      "Fog": {
        "5": 73.99503723220258
      },
      "Frost": {
        "5": 82.38213398746463
      },
      "Glass Blur": {
        "5": 59.60297768263899
      },
      "Impulse Noise": {
        "5": 59.330024815315646
      },
      "JPEG": {
        "5": 86.9727047222128
      },
      "Motion Blur": {
        "5": 72.20843675864246
      },
      "Pixelate": {
        "5": 89.45409424736837
      },
      "Shot Noise": {
        "5": 63.846153849940144
      },
      "Snow": {
        "5": 74.76426797114294
      },
      "Zoom Blur": {
        "5": 74.76426801279224
      }
    }
  },
  "sample_4": {
    "cfg": {
      "ks": [
        7,
        5,
        5,
        3,
        5,
        5,
        5,
        3,
        3,
        5,
        3,
        7,
        5,
        3,
        7,
        5,
        5,
        7,
        7,
        3
      ],
      "e": [
        3,
        3,
        4,
        6,
        3,
        6,
        3,
        4,
        3,
        6,
        3,
        4,
        4,
        6,
        6,
        6,
        6,
        4,
        4,
        4
      ],
      "d": [
        1,
        2,
        2,
        1,
        2,
        2
      ],
      "image_size": 128,
      "wid": 0
    },
    "corruptions": {
      "Brightness": {
        "5": 83.10173699920881
      },
      "Gaussian Noise": {
        "5": 60.91811414202745
      },
      "Contrast": {
        "5": 53.59801489070391
      },
      "Defocus Blur": {
        "5": 74.19354842117347
      },
      "Elastic": {
        "5": 82.03473943894909
      },
      "Fog": {
        "5": 72.03473943705595
      },
      "Frost": {
        "5": 80.76923075597873
      },
      "Glass Blur": {
        "5": 57.36972705187927
      },
      "Impulse Noise": {
        "5": 60.37220843246498
      },
      "JPEG": {
        "5": 86.9727047108539
      },
      "Motion Blur": {
        "5": 70.71960300606474
      },
      "Pixelate": {
        "5": 89.28039701854621
      },
      "Shot Noise": {
        "5": 64.11910669123269
      },
      "Snow": {
        "5": 72.48138959520212
      },
      "Zoom Blur": {
        "5": 73.42431762354545
      }
    }
  },