{
  "sample_0": {
    "cfg": {
      "ks": [
        7,
        5,
        3,
        5,
        7,
        7,
        3,
        7,
        5,
        3,
        3,
        5,
        3,
        7,
        5,
        5,
        5,
        5,
        5,
        7
      ],
      "e": [
        3,
        3,
        3,
        4,
        6,
        6,
        3,
        3,
        4,
        4,
        3,
        6,
        6,
        3,
        6,
        6,
        4,
        4,
        3,
        6
      ],
      "d": [
        1,
        0,
        1,
        1,
        1,
        2
      ],
      "image_size": 96,
      "wid": 0
    },
    "corruptions": {
      "Brightness": {
        "5": 77.86600495520656
      },
      "Gaussian Noise": {
        "5": 60.89330024624581
      },
      "Contrast": {
        "5": 52.8287841191067
      },
      "Defocus Blur": {
        "5": 73.99503722462997
      },
      "Elastic": {
        "5": 79.62779155570283
      },
      "Fog": {
        "5": 62.38213398651805
      },
      "Frost": {
        "5": 74.51612906633477
      },
      "Glass Blur": {
        "5": 59.95037221222302
      },
      "Impulse Noise": {
        "5": 60.19851116767296
      },
      "JPEG": {
        "5": 83.67245661354538
      },
      "Motion Blur": {
        "5": 69.13151365900158
      },
      "Pixelate": {
        "5": 85.26054590192089
      },
      "Shot Noise": {
        "5": 63.37468983576848
      },
      "Snow": {
        "5": 68.68486351032115
      },
      "Zoom Blur": {
        "5": 71.46401983407827
      }
    }
  },
  "sample_1": {
    "cfg": {
      "ks": [
        3,
        3,
        5,
        3,
        7,
        3,
        5,
        7,
        3,
        5,
        5,
        5,
        3,
        5,
        7,
        5,
        5,
        7,
        7,
        7
      ],
      "e": [
        3,
        3,
        3,
        3,
        3,
        6,
        6,
        3,
        6,
        4,
        3,
        4,
        4,
        4,
        4,
        4,
        3,
        4,
        3,
        4
      ],
      "d": [
        1,
        0,
        1,
        0,
        0,
        0
      ],
      "image_size": 112,
      "wid": 0
    },
    "corruptions": {
      "Brightness": {
        "5": 79.45409425494097
      },
      "Gaussian Noise": {
        "5": 57.86600496183258
      },
      "Contrast": {
        "5": 52.853598014888334
      },
      "Defocus Blur": {
        "5": 71.91066998086555
      },
      "Elastic": {
        "5": 77.54342432140416
      },
      "Fog": {
        "5": 64.64019851968543
      },
      "Frost": {
        "5": 74.81389580435551
      },
      "Glass Blur": {
        "5": 55.23573201465843
      },
      "Impulse Noise": {
        "5": 57.02233250691341
      },
      "JPEG": {
        "5": 84.31761785085976
      },
      "Motion Blur": {
        "5": 64.36724564810248
      },
      "Pixelate": {
        "5": 85.63275432728656
      },
      "Shot Noise": {
        "5": 59.8014888375332
      },
      "Snow": {
        "5": 67.07196031669825
      },
      "Zoom Blur": {
        "5": 69.20595534823964
      }
    }
  },
  "sample_2": {
    "cfg": {
      "ks": [
        5,
        3,
        7,
        3,
        5,
        7,
        7,
        7,
        5,
        3,
        3,
        5,
        7,
        7,
        7,
        3,
        5,
        7,
        7,
        7
      ],
      "e": [
        3,
        6,
        3,
        4,
        3,
        4,
        3,
        4,
        4,
        3,
        3,
        4,
        4,
        6,
        4,
        4,
        4,
        4,
        4,
        3
      ],
      "d": [
        0,
        0,
        0,
        1,
        0,
        1
      ],
      "image_size": 112,
      "wid": 0
    },
    "corruptions": {
      "Brightness": {
        "5": 78.06451609116925
      },
      "Gaussian Noise": {
        "5": 59.42928040175521
      },
      "Contrast": {
        "5": 52.80397022332506
      },
      "Defocus Blur": {
        "5": 70.0248138901022
      },
      "Elastic": {
        "5": 78.36228288219822
      },
      "Fog": {
        "5": 61.04218361998906
      },
      "Frost": {
        "5": 73.15136476994743
      },
      "Glass Blur": {
        "5": 57.56823820913991
      },
      "Impulse Noise": {
        "5": 58.70967742645415
      },
      "JPEG": {
        "5": 84.81389583085962
      },
      "Motion Blur": {
        "5": 67.56823824179675
      },
      "Pixelate": {
        "5": 85.98014887958838
      },
      "Shot Noise": {
        "5": 62.77915634268862
      },
      "Snow": {
        "5": 67.54342434222882
      },
      "Zoom Blur": {
        "5": 71.36476427934898
      }
    }
  },
  "sample_3": {
    "cfg": {
      "ks": [
        5,
        5,
        7,
        3,
        5,
        3,
        3,
        7,
        5,
        5,
        3,
        5,
        7,
        5,
        3,
        5,
        3,
        5,
        7,
        5
      ],
      "e": [
        4,
        4,
        6,
        4,
        4,
        4,
        4,
        3,
        4,
        3,
        4,
        6,
        4,
        4,
        6,
        6,
        3,
        4,
        6,
        4
      ],
      "d": [
        0,
        0,
        1,
        0,
        0,
        1
      ],
      "image_size": 112,
      "wid": 0
    },
    "corruptions": {
      "Brightness": {
        "5": 80.02481385791864
      },
      "Gaussian Noise": {
        "5": 57.84119106936396
      },
      "Contrast": {
        "5": 52.903225806451616
      },
      "Defocus Blur": {
        "5": 74.81389574377472
      },
      "Elastic": {
        "5": 77.64267988181291
      },
      "Fog": {
        "5": 64.61538461159832
      },
      "Frost": {
        "5": 75.38461541869208
      },
      "Glass Blur": {
        "5": 57.146401989844534
      },
      "Impulse Noise": {
        "5": 57.17121588325974
      },
      "JPEG": {
        "5": 84.51612908147996
      },
      "Motion Blur": {
        "5": 65.93052108802512
      },
      "Pixelate": {
        "5": 85.80645166212513
      },
      "Shot Noise": {
        "5": 61.066997515770694
      },
      "Snow": {
        "5": 67.19602975963659
      },
      "Zoom Blur": {
        "5": 69.8759305400233
      }
    }
  },
  "sample_4": {
    "cfg": {
      "ks": [
        5,
        3,
        5,
        7,
        7,
        3,
        7,
        7,
        3,
        3,
        7,
        5,
        5,
        3,
        3,
        5,
        3,
        7,
        3,
        7
      ],
      "e": [
        4,
        3,
        6,
        4,
        4,
        6,
        6,
        3,
        6,
        3,
        6,
        6,
        4,
        3,
        3,
        4,
        4,
        4,
        3,
        4
      ],
      "d": [
        1,
        1,
        1,
        1,
        2,
        0
      ],
      "image_size": 96,
      "wid": 0
    },
    "corruptions": {
      "Brightness": {
        "5": 77.99007439246544
      },
      "Gaussian Noise": {
        "5": 62.15880894010179
      },
      "Contrast": {
        "5": 52.779156327543426
      },
      "Defocus Blur": {
        "5": 74.36724566135454
      },
      "Elastic": {
        "5": 79.23076919290624
      },
      "Fog": {
        "5": 63.72208437576483
      },
      "Frost": {
        "5": 75.31017371998827
      },
      "Glass Blur": {
        "5": 59.55334987403737
      },
      "Impulse Noise": {
        "5": 61.11662530828055
      },
      "JPEG": {
        "5": 83.44913154015174
      },
      "Motion Blur": {
        "5": 69.55334988160998
      },
      "Pixelate": {
        "5": 85.55831270430875
      },
      "Shot Noise": {
        "5": 64.3424317655729
      },
      "Snow": {
        "5": 68.78411916349425
      },
      "Zoom Blur": {
        "5": 72.35732009925559
      }
    }
  },