{
  "sample_0": {
    "cfg": {
      "ks": [
        7,
        5,
        3,
        7,
        5,
        5,
        5,
        7,
        7,
        3,
        3,
        5,
        3,
        3,
        7,
        7,
        5,
        7,
        3,
        5
      ],
      "e": [
        4,
        3,
        4,
        6,
        4,
        6,
        6,
        4,
        6,
        4,
        4,
        3,
        6,
        6,
        4,
        6,
        4,
        3,
        4,
        3
      ],
      "d": [
        0,
        1,
        2,
        1,
        0,
        0
      ],
      "image_size": 96,
      "wid": 0
    },
    "corruptions": {
      "Brightness": {
        "5": 78.85856074482277
      },
      "Gaussian Noise": {
        "5": 60.81885857025979
      },
      "Contrast": {
        "5": 53.05210918114144
      },
      "Defocus Blur": {
        "5": 73.30024812570576
      },
      "Elastic": {
        "5": 79.15632760021882
      },
      "Fog": {
        "5": 62.456575697527335
      },
      "Frost": {
        "5": 74.01985112230476
      },
      "Glass Blur": {
        "5": 60.07444168545177
      },
      "Impulse Noise": {
        "5": 60.69478908898517
      },
      "JPEG": {
        "5": 83.37468981115752
      },
      "Motion Blur": {
        "5": 69.80148882617429
      },
      "Pixelate": {
        "5": 85.8560794006802
      },
      "Shot Noise": {
        "5": 63.498759320356115
      },
      "Snow": {
        "5": 67.91563278273968
      },
      "Zoom Blur": {
        "5": 72.90322583484887
      }
    }
  },
  "sample_1": {
    "cfg": {
      "ks": [
        7,
        5,
        7,
        7,
        3,
        5,
        7,
        7,
        7,
        5,
        3,
        7,
        5,
        7,
        3,
        5,
        3,
        5,
        3,
        7
      ],
      "e": [
        3,
        6,
        6,
        4,
        4,
        6,
        3,
        3,
        3,
        3,
        4,
        4,
        4,
        3,
        4,
        6,
        6,
        6,
        6,
        3
      ],
      "d": [
        1,
        0,
        1,
        2,
        0,
        2
      ],
      "image_size": 96,
      "wid": 0
    },
    "corruptions": {
      "Brightness": {
        "5": 77.22084365920452
      },
      "Gaussian Noise": {
        "5": 63.052109172622266
      },
      "Contrast": {
        "5": 52.85359801506582
      },
      "Defocus Blur": {
        "5": 73.57320094333393
      },
      "Elastic": {
        "5": 79.10669970263915
      },
      "Fog": {
        "5": 61.935483880433495
      },
      "Frost": {
        "5": 73.79652604891112
      },
      "Glass Blur": {
        "5": 63.10173698690334
      },
      "Impulse Noise": {
        "5": 62.158808931109334
      },
      "JPEG": {
        "5": 83.32506200823535
      },
      "Motion Blur": {
        "5": 68.66004963915046
      },
      "Pixelate": {
        "5": 84.98759310133109
      },
      "Shot Noise": {
        "5": 65.26054590854692
      },
      "Snow": {
        "5": 66.62531016044522
      },
      "Zoom Blur": {
        "5": 73.6228287727602
      }
    }
  },
  "sample_2": {
    "cfg": {
      "ks": [
        3,
        5,
        7,
        5,
        5,
        5,
        5,
        7,
        3,
        5,
        3,
        5,
        7,
        7,
        5,
        3,
        5,
        7,
        5,
        3
      ],
      "e": [
        4,
        3,
        4,
        4,
        6,
        4,
        4,
        4,
        3,
        6,
        6,
        4,
        4,
        3,
        4,
        3,
        3,
        3,
        6,
        3
      ],
      "d": [
        1,
        2,
        2,
        1,
        0,
        1
      ],
      "image_size": 96,
      "wid": 0
    },
    "corruptions": {
      "Brightness": {
        "5": 78.11414391302293
      },
      "Gaussian Noise": {
        "5": 61.389578167558014
      },
      "Contrast": {
        "5": 52.853598014888334
      },
      "Defocus Blur": {
        "5": 73.7468983198218
      },
      "Elastic": {
        "5": 78.26302729907167
      },
      "Fog": {
        "5": 64.91315136760399
      },
      "Frost": {
        "5": 76.22828786390886
      },
      "Glass Blur": {
        "5": 61.43920595817471
      },
      "Impulse Noise": {
        "5": 60.669975189890515
      },
      "JPEG": {
        "5": 83.59801492620046
      },
      "Motion Blur": {
        "5": 69.05707193757996
      },
      "Pixelate": {
        "5": 85.40942925389292
      },
      "Shot Noise": {
        "5": 64.31761785748579
      },
      "Snow": {
        "5": 68.83374690394248
      },
      "Zoom Blur": {
        "5": 72.05955334987593
      }
    }
  },
  "sample_3": {
    "cfg": {
      "ks": [
        7,
        5,
        3,
        3,
        3,
        3,
        3,
        7,
        7,
        5,
        5,
        5,
        3,
        7,
        7,
        3,
        5,
        3,
        7,
        7
      ],
      "e": [
        4,
        4,
        3,
        4,
        4,
        4,
        4,
        6,
        6,
        6,
        6,
        4,
        6,
        4,
        3,
        6,
        4,
        3,
        4,
        4
      ],
      "d": [
        0,
        2,
        1,
        1,
        0,
        1
      ],
      "image_size": 96,
      "wid": 0
    },
    "corruptions": {
      "Brightness": {
        "5": 79.15632750556132
      },
      "Gaussian Noise": {
        "5": 61.16625311120272
      },
      "Contrast": {
        "5": 52.70471464019851
      },
      "Defocus Blur": {
        "5": 75.18610421078968
      },
      "Elastic": {
        "5": 78.03970229004513
      },
      "Fog": {
        "5": 63.27543425169535
      },
      "Frost": {
        "5": 73.97022334777984
      },
      "Glass Blur": {
        "5": 61.58808934517001
      },
      "Impulse Noise": {
        "5": 60.96774194494962
      },
      "JPEG": {
        "5": 84.01985116584721
      },
      "Motion Blur": {
        "5": 70.44665007484758
      },
      "Pixelate": {
        "5": 85.8560794006802
      },
      "Shot Noise": {
        "5": 63.77171216827468
      },
      "Snow": {
        "5": 68.73449133217483
      },
      "Zoom Blur": {
        "5": 73.27543422992413
      }
    }
  },
  "sample_4": {
    "cfg": {
      "ks": [
        7,
        7,
        7,
        7,
        5,
        3,
        5,
        3,
        7,
        5,
        3,
        3,
        7,
        7,
        7,
        3,
        3,
        3,
        3,
        3
      ],
      "e": [
        3,
        4,
        3,
        4,
        6,
        6,
        6,
        3,
        6,
        4,
        6,
        6,
        4,
        3,
        4,
        3,
        4,
        6,
        4,
        6
      ],
      "d": [
        0,
        0,
        2,
        1,
        2,
        1
      ],
      "image_size": 96,
      "wid": 0
    },
    "corruptions": {
      "Brightness": {
        "5": 75.60794042771862
      },
      "Gaussian Noise": {
        "5": 62.034739463560044
      },
      "Contrast": {
        "5": 52.8287841191067
      },
      "Defocus Blur": {
        "5": 74.26799013123619
      },
      "Elastic": {
        "5": 77.94044660090216
      },
      "Fog": {
        "5": 59.60297766891366
      },
      "Frost": {
        "5": 71.88585606804557
      },
      "Glass Blur": {
        "5": 60.446650127855776
      },
      "Impulse Noise": {
        "5": 61.339950370315286
      },
      "JPEG": {
        "5": 82.95285363587789
      },
      "Motion Blur": {
        "5": 68.95781636581232
      },
      "Pixelate": {
        "5": 85.08684863144943
      },
      "Shot Noise": {
        "5": 64.93796525202673
      },
      "Snow": {
        "5": 66.97270473167855
      },
      "Zoom Blur": {
        "5": 71.36476427366952
      }
    }
  },