{
  "sample_0": {
    "cfg": {
      "ks": [
        5,
        3,
        7,
        7,
        5,
        3,
        5,
        3,
        3,
        5,
        5,
        5,
        3,
        5,
        5,
        5,
        3,
        3,
        7,
        3
      ],
      "e": [
        4,
        4,
        3,
        6,
        6,
        4,
        3,
        6,
        6,
        4,
        6,
        6,
        3,
        3,
        3,
        6,
        6,
        3,
        4,
        6
      ],
      "d": [
        1,
        1,
        1,
        0,
        0,
        2
      ],
      "image_size": 96,
      "wid": 0
    },
    "corruptions": {
      "Brightness": {
        "5": 79.47890813936371
      },
      "Gaussian Noise": {
        "5": 60.942928054847435
      },
      "Contrast": {
        "5": 52.952853598369856
      },
      "Defocus Blur": {
        "5": 74.7394541207969
      },
      "Elastic": {
        "5": 80.04962774234137
      },
      "Fog": {
        "5": 66.02977668251056
      },
      "Frost": {
        "5": 76.10421839635958
      },
      "Glass Blur": {
        "5": 60.54590571098233
      },
      "Impulse Noise": {
        "5": 60.297766756478964
      },
      "JPEG": {
        "5": 83.25062039661644
      },
      "Motion Blur": {
        "5": 69.03225805126408
      },
      "Pixelate": {
        "5": 85.2605459435702
      },
      "Shot Noise": {
        "5": 63.12655088363155
      },
      "Snow": {
        "5": 67.965260549692
      },
      "Zoom Blur": {
        "5": 71.73697273311188
      }
    }
  },
  "sample_1": {
    "cfg": {
      "ks": [
        3,
        3,
        3,
        3,
        7,
        5,
        3,
        7,
        5,
        5,
        3,
        7,
        7,
        5,
        5,
        7,
        5,
        3,
        7,
        5
      ],
      "e": [
        4,
        4,
        3,
        6,
        4,
        3,
        3,
        6,
        3,
        3,
        4,
        6,
        4,
        4,
        6,
        6,
        4,
        3,
        4,
        3
      ],
      "d": [
        1,
        2,
        1,
        1,
        0,
        1
      ],
      "image_size": 96,
      "wid": 0
    },
    "corruptions": {
      "Brightness": {
        "5": 77.64267991588962
      },
      "Gaussian Noise": {
        "5": 61.141439209741634
      },
      "Contrast": {
        "5": 52.82878411928418
      },
      "Defocus Blur": {
        "5": 73.87096776843958
      },
      "Elastic": {
        "5": 79.47890813936371
      },
      "Fog": {
        "5": 64.59057072812216
      },
      "Frost": {
        "5": 74.59057074232078
      },
      "Glass Blur": {
        "5": 61.513647634160726
      },
      "Impulse Noise": {
        "5": 60.66997519556997
      },
      "JPEG": {
        "5": 83.52357318584735
      },
      "Motion Blur": {
        "5": 70.02481389956793
      },
      "Pixelate": {
        "5": 85.73200992177202
      },
      "Shot Noise": {
        "5": 64.31761785748579
      },
      "Snow": {
        "5": 67.81637717500219
      },
      "Zoom Blur": {
        "5": 72.35732013333228
      }
    }
  },
  "sample_2": {
    "cfg": {
      "ks": [
        7,
        5,
        5,
        5,
        5,
        5,
        3,
        7,
        5,
        5,
        5,
        7,
        5,
        5,
        5,
        7,
        5,
        3,
        7,
        3
      ],
      "e": [
        3,
        6,
        6,
        4,
        3,
        6,
        3,
        3,
        3,
        3,
        4,
        4,
        6,
        3,
        4,
        4,
        3,
        4,
        6,
        6
      ],
      "d": [
        1,
        1,
        0,
        1,
        0,
        1
      ],
      "image_size": 96,
      "wid": 0
    },
    "corruptions": {
      "Brightness": {
        "5": 77.04714638873307
      },
      "Gaussian Noise": {
        "5": 63.99503721800395
      },
      "Contrast": {
        "5": 52.853598014888334
      },
      "Defocus Blur": {
        "5": 70.94292806809948
      },
      "Elastic": {
        "5": 79.13151366278788
      },
      "Fog": {
        "5": 63.523573216137756
      },
      "Frost": {
        "5": 73.69727046010512
      },
      "Glass Blur": {
        "5": 61.31513646790762
      },
      "Impulse Noise": {
        "5": 63.30024814842356
      },
      "JPEG": {
        "5": 82.9528535828697
      },
      "Motion Blur": {
        "5": 66.74937967153696
      },
      "Pixelate": {
        "5": 85.03722089289435
      },
      "Shot Noise": {
        "5": 66.60049628075535
      },
      "Snow": {
        "5": 66.55086849203181
      },
      "Zoom Blur": {
        "5": 71.06699752428987
      }
    }
  },
  "sample_3": {
    "cfg": {
      "ks": [
        7,
        5,
        7,
        5,
        7,
        3,
        7,
        7,
        5,
        5,
        3,
        3,
        5,
        5,
        5,
        5,
        5,
        7,
        7,
        5
      ],
      "e": [
        3,
        4,
        4,
        4,
        6,
        3,
        4,
        6,
        6,
        3,
        3,
        4,
        3,
        3,
        3,
        4,
        4,
        4,
        3,
        3
      ],
      "d": [
        1,
        1,
        1,
        1,
        1,
        1
      ],
      "image_size": 96,
      "wid": 0
    },
    "corruptions": {
      "Brightness": {
        "5": 79.05707197544297
      },
      "Gaussian Noise": {
        "5": 61.41439206333965
      },
      "Contrast": {
        "5": 53.39950372113779
      },
      "Defocus Blur": {
        "5": 74.96277916011384
      },
      "Elastic": {
        "5": 79.50372207679465
      },
      "Fog": {
        "5": 61.88585607088529
      },
      "Frost": {
        "5": 74.76426800143334
      },
      "Glass Blur": {
        "5": 63.225806447826606
      },
      "Impulse Noise": {
        "5": 60.34739454804224
      },
      "JPEG": {
        "5": 83.27543428103918
      },
      "Motion Blur": {
        "5": 70.99255585966276
      },
      "Pixelate": {
        "5": 85.70719607899858
      },
      "Shot Noise": {
        "5": 63.622828787905405
      },
      "Snow": {
        "5": 68.13895777851417
      },
      "Zoom Blur": {
        "5": 72.85359802624724
      }
    }
  },
  "sample_4": {
    "cfg": {
      "ks": [
        7,
        5,
        5,
        3,
        5,
        5,
        3,
        7,
        5,
        7,
        5,
        3,
        3,
        7,
        3,
        5,
        5,
        5,
        7,
        7
      ],
      "e": [
        4,
        4,
        3,
        4,
        3,
        4,
        6,
        6,
        6,
        6,
        6,
        4,
        4,
        4,
        6,
        4,
        6,
        3,
        3,
        6
      ],
      "d": [
        1,
        1,
        0,
        1,
        0,
        0
      ],
      "image_size": 96,
      "wid": 0
    },
    "corruptions": {
      "Brightness": {
        "5": 79.42928038377028
      },
      "Gaussian Noise": {
        "5": 62.28287841001752
      },
      "Contrast": {
        "5": 52.8287841191067
      },
      "Defocus Blur": {
        "5": 72.1339950656181
      },
      "Elastic": {
        "5": 79.80148878452499
      },
      "Fog": {
        "5": 65.31017370484307
      },
      "Frost": {
        "5": 74.76426801279224
      },
      "Glass Blur": {
        "5": 60.421836219768664
      },
      "Impulse Noise": {
        "5": 61.464019860582376
      },
      "JPEG": {
        "5": 84.16873451781923
      },
      "Motion Blur": {
        "5": 70.04962781996052
      },
      "Pixelate": {
        "5": 86.22828790177186
      },
      "Shot Noise": {
        "5": 64.64019851968543
      },
      "Snow": {
        "5": 68.56079405034447
      },
      "Zoom Blur": {
        "5": 73.37468986037943
      }
    }
  },