{
  "sample_0": {
    "cfg": {
      "ks": [
        5,
        7,
        3,
        3,
        5,
        7,
        3,
        3,
        3,
        5,
        7,
        3,
        7,
        7,
        3,
        7,
        7,
        5,
        7,
        7
      ],
      "e": [
        3,
        4,
        6,
        4,
        6,
        3,
        4,
        6,
        4,
        3,
        3,
        4,
        4,
        3,
        6,
        3,
        4,
        4,
        6,
        6
      ],
      "d": [
        1,
        0,
        2,
        1,
        0,
        0
      ],
      "image_size": 96,
      "wid": 0
    },
    "corruptions": {
      "Brightness": {
        "5": 76.42679899419213
      },
      "Gaussian Noise": {
        "5": 62.08436725512332
      },
      "Contrast": {
        "5": 52.80397022332506
      },
      "Defocus Blur": {
        "5": 73.4243176330112
      },
      "Elastic": {
        "5": 78.66004968458607
      },
      "Fog": {
        "5": 61.985111666317316
      },
      "Frost": {
        "5": 73.10173696702526
      },
      "Glass Blur": {
        "5": 62.20843673308493
      },
      "Impulse Noise": {
        "5": 61.63771712537439
      },
      "JPEG": {
        "5": 83.47394538292518
      },
      "Motion Blur": {
        "5": 69.23076921751718
      },
      "Pixelate": {
        "5": 85.28535979770254
      },
      "Shot Noise": {
        "5": 65.03722085219164
      },
      "Snow": {
        "5": 67.09677419922784
      },
      "Zoom Blur": {
        "5": 71.9354838766472
      }
    }
  },
  "sample_1": {
    "cfg": {
      "ks": [
        5,
        3,
        7,
        7,
        7,
        7,
        3,
        3,
        3,
        3,
        5,
        5,
        5,
        7,
        3,
        3,
        3,
        3,
        7,
        7
      ],
      "e": [
        3,
        3,
        3,
        4,
        4,
        3,
        4,
        6,
        4,
        3,
        4,
        3,
        6,
        3,
        6,
        3,
        6,
        3,
        3,
        3
      ],
      "d": [
        1,
        2,
        1,
        1,
        0,
        1
      ],
      "image_size": 96,
      "wid": 0
    },
    "corruptions": {
      "Brightness": {
        "5": 76.74937968668216
      },
      "Gaussian Noise": {
        "5": 64.11910669691214
      },
      "Contrast": {
        "5": 52.903225806629095
      },
      "Defocus Blur": {
        "5": 73.47394541321557
      },
      "Elastic": {
        "5": 79.70223330741484
      },
      "Fog": {
        "5": 61.811414390166405
      },
      "Frost": {
        "5": 75.01240696492917
      },
      "Glass Blur": {
        "5": 60.54590571098233
      },
      "Impulse Noise": {
        "5": 63.076923086388824
      },
      "JPEG": {
        "5": 83.12655084198225
      },
      "Motion Blur": {
        "5": 68.9826302786323
      },
      "Pixelate": {
        "5": 85.2605459549291
      },
      "Shot Noise": {
        "5": 66.5756823783477
      },
      "Snow": {
        "5": 67.6674938249233
      },
      "Zoom Blur": {
        "5": 71.1166252874559
      }
    }
  },
  "sample_2": {
    "cfg": {
      "ks": [
        7,
        3,
        5,
        5,
        3,
        5,
        5,
        7,
        3,
        7,
        7,
        7,
        3,
        3,
        3,
        7,
        5,
        3,
        5,
        7
      ],
      "e": [
        4,
        4,
        6,
        4,
        6,
        4,
        3,
        3,
        6,
        3,
        6,
        4,
        4,
        3,
        3,
        6,
        4,
        4,
        3,
        3
      ],
      "d": [
        1,
        2,
        0,
        1,
        0,
        0
      ],
      "image_size": 96,
      "wid": 0
    },
    "corruptions": {
      "Brightness": {
        "5": 79.50372207679465
      },
      "Gaussian Noise": {
        "5": 61.389578167558014
      },
      "Contrast": {
        "5": 52.85359801506582
      },
      "Defocus Blur": {
        "5": 72.38213394581533
      },
      "Elastic": {
        "5": 78.63523568278802
      },
      "Fog": {
        "5": 64.83870969161798
      },
      "Frost": {
        "5": 75.68238216239229
      },
      "Glass Blur": {
        "5": 61.910669972346376
      },
      "Impulse Noise": {
        "5": 61.017369734146456
      },
      "JPEG": {
        "5": 83.77171221938973
      },
      "Motion Blur": {
        "5": 70.0000000037863
      },
      "Pixelate": {
        "5": 85.6575682987942
      },
      "Shot Noise": {
        "5": 63.846153861299044
      },
      "Snow": {
        "5": 68.0893300588906
      },
      "Zoom Blur": {
        "5": 73.17617869412632
      }
    }
  },
  "sample_3": {
    "cfg": {
      "ks": [
        7,
        3,
        5,
        5,
        5,
        5,
        5,
        3,
        5,
        3,
        3,
        3,
        7,
        5,
        3,
        7,
        3,
        3,
        5,
        7
      ],
      "e": [
        4,
        3,
        3,
        4,
        6,
        4,
        4,
        6,
        3,
        3,
        3,
        6,
        6,
        4,
        4,
        3,
        4,
        6,
        3,
        4
      ],
      "d": [
        0,
        2,
        2,
        0,
        1,
        2
      ],
      "image_size": 96,
      "wid": 0
    },
    "corruptions": {
      "Brightness": {
        "5": 77.36972703389435
      },
      "Gaussian Noise": {
        "5": 60.34739455040868
      },
      "Contrast": {
        "5": 52.754342431761785
      },
      "Defocus Blur": {
        "5": 73.67245659082758
      },
      "Elastic": {
        "5": 79.18114138998405
      },
      "Fog": {
        "5": 62.1836228259444
      },
      "Frost": {
        "5": 74.01985114502256
      },
      "Glass Blur": {
        "5": 62.60545905991169
      },
      "Impulse Noise": {
        "5": 59.851116632409486
      },
      "JPEG": {
        "5": 83.69727045631882
      },
      "Motion Blur": {
        "5": 70.44665011081743
      },
      "Pixelate": {
        "5": 85.43424316103346
      },
      "Shot Noise": {
        "5": 63.275434258321376
      },
      "Snow": {
        "5": 68.46153847857681
      },
      "Zoom Blur": {
        "5": 72.009925575351
      }
    }
  },
  "sample_4": {
    "cfg": {
      "ks": [
        7,
        7,
        3,
        3,
        7,
        5,
        5,
        7,
        5,
        7,
        3,
        3,
        5,
        7,
        7,
        3,
        5,
        7,
        7,
        7
      ],
      "e": [
        4,
        3,
        3,
        4,
        4,
        3,
        6,
        4,
        4,
        6,
        4,
        6,
        4,
        3,
        3,
        3,
        4,
        6,
        4,
        4
      ],
      "d": [
        0,
        1,
        2,
        2,
        0,
        0
      ],
      "image_size": 96,
      "wid": 0
    },
    "corruptions": {
      "Brightness": {
        "5": 77.44416872691872
      },
      "Gaussian Noise": {
        "5": 62.25806451991533
      },
      "Contrast": {
        "5": 52.8287841191067
      },
      "Defocus Blur": {
        "5": 73.87096770407248
      },
      "Elastic": {
        "5": 78.6848635273595
      },
      "Fog": {
        "5": 62.431761801745694
      },
      "Frost": {
        "5": 73.79652607730837
      },
      "Glass Blur": {
        "5": 61.09181140587288
      },
      "Impulse Noise": {
        "5": 61.439205953441835
      },
      "JPEG": {
        "5": 83.2258064251088
      },
      "Motion Blur": {
        "5": 70.89330025192525
      },
      "Pixelate": {
        "5": 85.93052108802512
      },
      "Shot Noise": {
        "5": 64.7642679995402
      },
      "Snow": {
        "5": 68.41191070405189
      },
      "Zoom Blur": {
        "5": 72.13399501828934
      }
    }
  },