{
  "sample_0": {
    "cfg": {
      "ks": [
        7,
        3,
        3,
        3,
        3,
        5,
        5,
        3,
        5,
        7,
        3,
        3,
        3,
        5,
        7,
        3,
        5,
        7,
        5,
        3
      ],
      "e": [
        3,
        3,
        6,
        6,
        4,
        4,
        3,
        3,
        6,
        6,
        3,
        4,
        6,
        3,
        3,
        6,
        6,
        4,
        4,
        6
      ],
      "d": [
        1,
        1,
        1,
        1,
        0,
        0
      ],
      "image_size": 96,
      "wid": 0
    },
    "corruptions": {
      "Brightness": {
        "5": 77.91563274676983
      },
      "Gaussian Noise": {
        "5": 63.59801489685665
      },
      "Contrast": {
        "5": 52.828784119461666
      },
      "Defocus Blur": {
        "5": 73.87096773436288
      },
      "Elastic": {
        "5": 78.8833746822537
      },
      "Fog": {
        "5": 62.40694789460516
      },
      "Frost": {
        "5": 73.72208438996346
      },
      "Glass Blur": {
        "5": 60.52109182655959
      },
      "Impulse Noise": {
        "5": 62.357320114400785
      },
      "JPEG": {
        "5": 83.34987597974299
      },
      "Motion Blur": {
        "5": 69.6774193775565
      },
      "Pixelate": {
        "5": 85.01240700847161
      },
      "Shot Noise": {
        "5": 65.6575682344271
      },
      "Snow": {
        "5": 66.89826303297474
      },
      "Zoom Blur": {
        "5": 71.51364764835935
      }
    }
  },
  "sample_1": {
    "cfg": {
      "ks": [
        7,
        3,
        5,
        7,
        3,
        5,
        5,
        7,
        3,
        5,
        5,
        5,
        3,
        7,
        3,
        7,
        7,
        3,
        7,
        7
      ],
      "e": [
        4,
        3,
        6,
        6,
        3,
        6,
        3,
        6,
        4,
        6,
        4,
        4,
        4,
        6,
        6,
        6,
        4,
        3,
        4,
        3
      ],
      "d": [
        0,
        1,
        1,
        1,
        0,
        2
      ],
      "image_size": 96,
      "wid": 0
    },
    "corruptions": {
      "Brightness": {
        "5": 78.4863523724653
      },
      "Gaussian Noise": {
        "5": 61.53846152994236
      },
      "Contrast": {
        "5": 52.8287841191067
      },
      "Defocus Blur": {
        "5": 73.72208435967306
      },
      "Elastic": {
        "5": 78.93300243216768
      },
      "Fog": {
        "5": 63.12655087700553
      },
      "Frost": {
        "5": 72.92803972495105
      },
      "Glass Blur": {
        "5": 60.744416871555984
      },
      "Impulse Noise": {
        "5": 61.16625309984382
      },
      "JPEG": {
        "5": 83.32506199687646
      },
      "Motion Blur": {
        "5": 69.52853596121739
      },
      "Pixelate": {
        "5": 85.88089328510294
      },
      "Shot Noise": {
        "5": 64.73945410281198
      },
      "Snow": {
        "5": 68.16377171783826
      },
      "Zoom Blur": {
        "5": 72.00992559238935
      }
    }
  },
  "sample_2": {
    "cfg": {
      "ks": [
        7,
        7,
        7,
        7,
        5,
        7,
        5,
        3,
        3,
        3,
        5,
        3,
        7,
        3,
        5,
        5,
        5,
        7,
        7,
        7
      ],
      "e": [
        4,
        4,
        6,
        4,
        6,
        3,
        3,
        4,
        4,
        3,
        4,
        6,
        3,
        3,
        4,
        6,
        4,
        4,
        4,
        6
      ],
      "d": [
        0,
        2,
        2,
        0,
        1,
        1
      ],
      "image_size": 96,
      "wid": 0
    },
    "corruptions": {
      "Brightness": {
        "5": 77.12158808175742
      },
      "Gaussian Noise": {
        "5": 59.10669974760145
      },
      "Contrast": {
        "5": 52.903225806629095
      },
      "Defocus Blur": {
        "5": 73.84615379693194
      },
      "Elastic": {
        "5": 79.70223320139844
      },
      "Fog": {
        "5": 60.96774194494962
      },
      "Frost": {
        "5": 72.95285358665599
      },
      "Glass Blur": {
        "5": 63.325062031899726
      },
      "Impulse Noise": {
        "5": 58.5359801479368
      },
      "JPEG": {
        "5": 83.52357326157336
      },
      "Motion Blur": {
        "5": 70.29776680617415
      },
      "Pixelate": {
        "5": 84.96277919419055
      },
      "Shot Noise": {
        "5": 62.25806451991533
      },
      "Snow": {
        "5": 67.91563278273968
      },
      "Zoom Blur": {
        "5": 71.66253104008753
      }
    }
  },
  "sample_3": {
    "cfg": {
      "ks": [
        7,
        3,
        3,
        7,
        7,
        5,
        5,
        3,
        7,
        7,
        3,
        5,
        3,
        7,
        7,
        3,
        5,
        3,
        5,
        7
      ],
      "e": [
        4,
        3,
        3,
        6,
        4,
        3,
        6,
        3,
        6,
        3,
        6,
        3,
        4,
        4,
        3,
        4,
        4,
        6,
        6,
        3
      ],
      "d": [
        1,
        1,
        0,
        1,
        0,
        2
      ],
      "image_size": 96,
      "wid": 0
    },
    "corruptions": {
      "Brightness": {
        "5": 78.28784117781495
      },
      "Gaussian Noise": {
        "5": 63.27543424033645
      },
      "Contrast": {
        "5": 52.80397022332506
      },
      "Defocus Blur": {
        "5": 72.33250623755065
      },
      "Elastic": {
        "5": 79.2059552857657
      },
      "Fog": {
        "5": 64.44168733639398
      },
      "Frost": {
        "5": 74.81389580435551
      },
      "Glass Blur": {
        "5": 59.40446651070644
      },
      "Impulse Noise": {
        "5": 62.65508685810099
      },
      "JPEG": {
        "5": 83.15136480213098
      },
      "Motion Blur": {
        "5": 69.03225809291338
      },
      "Pixelate": {
        "5": 85.78163775498459
      },
      "Shot Noise": {
        "5": 66.22828783172531
      },
      "Snow": {
        "5": 68.73449132649537
      },
      "Zoom Blur": {
        "5": 72.1091811527981
      }
    }
  },
  "sample_4": {
    "cfg": {
      "ks": [
        7,
        3,
        7,
        5,
        7,
        3,
        7,
        3,
        3,
        7,
        3,
        7,
        3,
        3,
        3,
        3,
        3,
        5,
        3,
        5
      ],
      "e": [
        4,
        3,
        3,
        4,
        3,
        6,
        6,
        6,
        6,
        3,
        6,
        4,
        4,
        3,
        6,
        6,
        4,
        6,
        4,
        3
      ],
      "d": [
        1,
        1,
        2,
        1,
        0,
        0
      ],
      "image_size": 96,
      "wid": 0
    },
    "corruptions": {
      "Brightness": {
        "5": 79.18114142595391
      },
      "Gaussian Noise": {
        "5": 62.25806453127423
      },
      "Contrast": {
        "5": 52.952853598369856
      },
      "Defocus Blur": {
        "5": 74.51612904740327
      },
      "Elastic": {
        "5": 79.70223320139844
      },
      "Fog": {
        "5": 65.01240693842507
      },
      "Frost": {
        "5": 75.48387095448989
      },
      "Glass Blur": {
        "5": 59.950372217902476
      },
      "Impulse Noise": {
        "5": 61.687344922617115
      },
      "JPEG": {
        "5": 83.87096771543139
      },
      "Motion Blur": {
        "5": 70.4962779023807
      },
      "Pixelate": {
        "5": 85.75682385920295
      },
      "Shot Noise": {
        "5": 64.93796525675961
      },
      "Snow": {
        "5": 68.61042182297624
      },
      "Zoom Blur": {
        "5": 73.79652603565907
      }
    }
  },